<?xml version='1.0' encoding='UTF-8'?>
<Joana>
  <Person ID="JPMM">
    <additionalName type="string">Moreira</additionalName>
    <additionalType type="Null"/>
    <address type="Null"/>
    <affiliation type="Null"/>
    <alternateName type="Null"/>
    <alumniOf type="Null"/>
    <award type="Null"/>
    <awards type="Null"/>
    <birthDate type="Null"/>
    <birthPlace type="Null"/>
    <brand type="Null"/>
    <children type="Null"/>
    <colleague type="Null"/>
    <colleagues type="Null"/>
    <contactPoint type="Null"/>
    <contactPoints type="Null"/>
    <deathDate type="Null"/>
    <deathPlace type="Null"/>
    <description type="Null"/>
    <disambiguatingDescription type="Null"/>
    <duns type="Null"/>
    <email type="Null"/>
    <familyName type="Null"/>
    <faxNumber type="Null"/>
    <follows type="Null"/>
    <funder type="Null"/>
    <givenName type="Null"/>
    <globalLocationNumber type="Null"/>
    <hasOccupation type="Null"/>
    <hasOfferCatalog type="Null"/>
    <hasPOS type="Null"/>
    <height type="Null"/>
    <homeLocation type="Null"/>
    <honorificPrefix type="Null"/>
    <honorificSuffix type="Null"/>
    <identifier type="Null"/>
    <image type="Null"/>
    <isicV4 type="Null"/>
    <knows type="Null"/>
    <mainEntityOfPage type="Null"/>
    <makesOffer type="Null"/>
    <memberOf type="Null"/>
    <naics type="Null"/>
    <name type="Null"/>
    <nationality type="Null"/>
    <netWorth type="Null"/>
    <owns type="Null"/>
    <parent type="Null"/>
    <parents type="Null"/>
    <performerIn type="Null"/>
    <potentialAction type="Null"/>
    <publishingPrinciples type="Null"/>
    <relatedTo type="Null"/>
    <sameAs type="Null"/>
    <seeks type="Null"/>
    <sibling type="Null"/>
    <siblings type="Null"/>
    <sponsor type="Null"/>
    <spouse type="Null"/>
    <subjectOf type="Null"/>
    <taxID type="Null"/>
    <telephone type="Null"/>
    <url type="Null"/>
    <vatID type="Null"/>
    <weight type="Null"/>
    <workLocation type="Null"/>
    <worksFor type="Null"/>
  </Person>
  <MovieClip ID="StarWars">
    <about type="string">fantasy</about>
    <accessMode type="bool">True</accessMode>
    <accessModeSufficient type="Null"/>
    <accessibilityAPI type="Null"/>
    <accessibilityControl type="Null"/>
    <accessibilityFeature type="Null"/>
    <accessibilityHazard type="Null"/>
    <accessibilitySummary type="Null"/>
    <accountablePerson type="Null"/>
    <actor type="Null"/>
    <actors type="Null"/>
    <additionalType type="Null"/>
    <aggregateRating type="Null"/>
    <alternateName type="Null"/>
    <alternativeHeadline type="Null"/>
    <associatedMedia type="Null"/>
    <audience type="Null"/>
    <audio type="Null"/>
    <author type="Null"/>
    <award type="Null"/>
    <awards type="Null"/>
    <character type="Null"/>
    <citation type="Null"/>
    <clipNumber type="Null"/>
    <comment type="Null"/>
    <commentCount type="Null"/>
    <contentLocation type="Null"/>
    <contentRating type="Null"/>
    <contributor type="Null"/>
    <copyrightHolder type="Null"/>
    <copyrightYear type="Null"/>
    <creator type="Null"/>
    <dateCreated type="Null"/>
    <dateModified type="Null"/>
    <datePublished type="Null"/>
    <description type="Null"/>
    <director type="Null"/>
    <directors type="Null"/>
    <disambiguatingDescription type="Null"/>
    <discussionUrl type="Null"/>
    <editor type="Null"/>
    <educationalAlignment type="Null"/>
    <educationalUse type="Null"/>
    <encoding type="Null"/>
    <encodingFormat type="Null"/>
    <encodings type="Null"/>
    <exampleOfWork type="Null"/>
    <expires type="Null"/>
    <fileFormat type="Null"/>
    <funder type="Null"/>
    <genre type="Null"/>
    <hasPart type="Null"/>
    <headline type="Null"/>
    <identifier type="Null"/>
    <image type="Null"/>
    <inLanguage type="Null"/>
    <interactionStatistic type="Null"/>
    <interactivityType type="Null"/>
    <isAccessibleForFree type="Null"/>
    <isBasedOn type="Null"/>
    <isBasedOnUrl type="Null"/>
    <isFamilyFriendly type="Null"/>
    <isPartOf type="Null"/>
    <keywords type="Null"/>
    <learningResourceType type="Null"/>
    <license type="Null"/>
    <locationCreated type="Null"/>
    <mainEntity type="Null"/>
    <mainEntityOfPage type="Null"/>
    <material type="Null"/>
    <mentions type="Null"/>
    <musicBy type="Null"/>
    <name type="Null"/>
    <offers type="Null"/>
    <partOfEpisode type="Null"/>
    <partOfSeason type="Null"/>
    <partOfSeries type="Null"/>
    <position type="Null"/>
    <potentialAction type="Null"/>
    <producer type="Null"/>
    <provider type="Null"/>
    <publication type="Null"/>
    <publisher type="Null"/>
    <publishingPrinciples type="Null"/>
    <recordedAt type="Null"/>
    <releasedEvent type="Null"/>
    <review type="Null"/>
    <reviews type="Null"/>
    <sameAs type="Null"/>
    <schemaVersion type="Null"/>
    <sourceOrganization type="Null"/>
    <spatial type="Null"/>
    <spatialCoverage type="Null"/>
    <sponsor type="Null"/>
    <subjectOf type="Null"/>
    <temporal type="Null"/>
    <temporalCoverage type="Null"/>
    <text type="Null"/>
    <thumbnailUrl type="Null"/>
    <timeRequired type="Null"/>
    <translator type="Null"/>
    <typicalAgeRange type="Null"/>
    <url type="Null"/>
    <version type="Null"/>
    <video type="Null"/>
    <workExample type="Null"/>
  </MovieClip>
</Joana>
