<?xml version='1.0' encoding='utf-8'?>
<Simao>
	<MovieClip ID="AvatarClip">
		<about type="string">Movie</about>
		<accessMode type="string">None</accessMode>
		<accessModeSufficient type="bool">False</accessModeSufficient>
		<accessibilityAPI type="bool">True</accessibilityAPI>
		<accessibilityControl type="bool">True</accessibilityControl>
		<accessibilityFeature type="string">Teste</accessibilityFeature>
		<accessibilityHazard type="int">1</accessibilityHazard>
		<accessibilitySummary type="float">1.1</accessibilitySummary>
		<accountablePerson type="Null" />
		<actor type="Null" />
		<actors type="Null" />
		<additionalType type="Null" />
		<aggregateRating type="Null" />
		<alternateName type="Null" />
		<alternativeHeadline type="Null" />
		<associatedMedia type="Null" />
		<audience type="Null" />
		<audio type="Null" />
		<author type="Null" />
		<award type="Null" />
		<awards type="Null" />
		<character type="Null" />
		<citation type="Null" />
		<clipNumber type="Null" />
		<comment type="Null" />
		<commentCount type="Null" />
		<contentLocation type="Null" />
		<contentRating type="Null" />
		<contributor type="Null" />
		<copyrightHolder type="Null" />
		<copyrightYear type="Null" />
		<creator type="Null" />
		<dateCreated type="Null" />
		<dateModified type="Null" />
		<datePublished type="Null" />
		<description type="Null" />
		<director type="Null" />
		<directors type="Null" />
		<disambiguatingDescription type="Null" />
		<discussionUrl type="Null" />
		<editor type="Null" />
		<educationalAlignment type="Null" />
		<educationalUse type="Null" />
		<encoding type="Null" />
		<encodingFormat type="Null" />
		<encodings type="Null" />
		<exampleOfWork type="Null" />
		<expires type="Null" />
		<fileFormat type="Null" />
		<funder type="Null" />
		<genre type="Null" />
		<hasPart type="Null" />
		<headline type="Null" />
		<identifier type="Null" />
		<image type="Null" />
		<inLanguage type="Null" />
		<interactionStatistic type="Null" />
		<interactivityType type="Null" />
		<isAccessibleForFree type="Null" />
		<isBasedOn type="Null" />
		<isBasedOnUrl type="Null" />
		<isFamilyFriendly type="Null" />
		<isPartOf type="Null" />
		<keywords type="Null" />
		<learningResourceType type="Null" />
		<license type="Null" />
		<locationCreated type="Null" />
		<mainEntity type="Null" />
		<mainEntityOfPage type="Null" />
		<material type="Null" />
		<mentions type="Null" />
		<musicBy type="Null" />
		<name type="Null" />
		<offers type="Null" />
		<partOfEpisode type="Null" />
		<partOfSeason type="Null" />
		<partOfSeries type="Null" />
		<position type="Null" />
		<potentialAction type="Null" />
		<producer type="Null" />
		<provider type="Null" />
		<publication type="Null" />
		<publisher type="Null" />
		<publishingPrinciples type="Null" />
		<recordedAt type="Null" />
		<releasedEvent type="Null" />
		<review type="Null" />
		<reviews type="Null" />
		<sameAs type="Null" />
		<schemaVersion type="Null" />
		<sourceOrganization type="Null" />
		<spatial type="Null" />
		<spatialCoverage type="Null" />
		<sponsor type="Null" />
		<subjectOf type="Null" />
		<temporal type="Null" />
		<temporalCoverage type="Null" />
		<text type="Null" />
		<thumbnailUrl type="Null" />
		<timeRequired type="Null" />
		<translator type="Null" />
		<typicalAgeRange type="Null" />
		<url type="Null" />
		<version type="Null" />
		<video type="Null" />
		<workExample type="Null" />
	</MovieClip>
</Simao>