<?xml version='1.0' encoding='utf-8'?>
<Simao>
	<Person ID="SPPC">
		<additionalName type="string">Castro</additionalName>
		<additionalType type="int">1</additionalType>
		<address type="string">Lousado</address>
		<affiliation type="bool">True</affiliation>
		<alternateName type="string">Zed</alternateName>
		<alumniOf type="string">Lusiada</alumniOf>
		<award type="bool">False</award>
		<awards type="string">None</awards>
		<birthDate type="Null" />
		<birthPlace type="Null" />
		<brand type="Null" />
		<children type="Null" />
		<colleague type="Null" />
		<colleagues type="Null" />
		<contactPoint type="Null" />
		<contactPoints type="Null" />
		<deathDate type="Null" />
		<deathPlace type="Null" />
		<description type="Null" />
		<disambiguatingDescription type="Null" />
		<duns type="Null" />
		<email type="Null" />
		<familyName type="Null" />
		<faxNumber type="Null" />
		<follows type="Null" />
		<funder type="Null" />
		<givenName type="Null" />
		<globalLocationNumber type="Null" />
		<hasOccupation type="Null" />
		<hasOfferCatalog type="Null" />
		<hasPOS type="Null" />
		<height type="Null" />
		<homeLocation type="Null" />
		<honorificPrefix type="Null" />
		<honorificSuffix type="Null" />
		<identifier type="Null" />
		<image type="Null" />
		<isicV4 type="Null" />
		<knows type="Null" />
		<mainEntityOfPage type="Null" />
		<makesOffer type="Null" />
		<memberOf type="Null" />
		<naics type="Null" />
		<name type="Null" />
		<nationality type="Null" />
		<netWorth type="Null" />
		<owns type="Null" />
		<parent type="Null" />
		<parents type="Null" />
		<performerIn type="Null" />
		<potentialAction type="Null" />
		<publishingPrinciples type="Null" />
		<relatedTo type="Null" />
		<sameAs type="Null" />
		<seeks type="Null" />
		<sibling type="Null" />
		<siblings type="Null" />
		<sponsor type="Null" />
		<spouse type="Null" />
		<subjectOf type="Null" />
		<taxID type="Null" />
		<telephone type="Null" />
		<url type="Null" />
		<vatID type="Null" />
		<weight type="Null" />
		<workLocation type="Null" />
		<worksFor type="Null" />
	</Person>
</Simao>